[
  {
    "id": "CURRENT_SOURCE",
    "height": 20,
    "width": 20,
    "name": {
      "RU": "Источник тока"
    },
    "labelDirection": "left",
    "svg": "primitive/CurrentSource",
    "ports": [
      {
        "libId": "FIRST",
        "alignment": "LEFT",
        "x": 20,
        "y": 20
      },
      {
        "libId": "SECOND",
        "alignment": "RIGHT",
        "x": 40,
        "y": 20
      }
    ],
    "options": [
      {
        "id": "VARIABLE_NAME",
        "typeId": "TEXT",
        "name": {
          "RU": "Имя переменной"
        },
        "regex": "^[a-z][-a-z0-9_]*\\#[[\$]]#?#[[\$]]#",
        "minLength": 1,
        "maxLength": 50
      },
      {
        "id": "CONDUCTIVITY",
        "typeId": "CONDUCTIVITY",
        "name": {
          "RU": "Проводимость, См"
        },
        "min": 0,
        "max": 3.402823466e38,
        "step": 0.01
      },
      {
        "id": "CURRENT_VALUE",
        "typeId": "CURRENT",
        "name": {
          "RU": "Значение тока, А"
        },
        "min": 0,
        "max": 3.402823466e38,
        "step": 0.01
      },
      {
        "id": "MUTUALITY",
        "typeId": "MUTUALITY_SELECT",
        "name": {
          "RU": "Взаимность"
        },
        "optional": true
      }
    ]
  },
  {
    "id": "EMF_SOURCE",
    "height": 20,
    "width": 20,
    "name": {
      "RU": "Источник ЭДС"
    },
    "labelDirection": "left",
    "svg": "primitive/EmfSource",
    "ports": [
      {
        "libId": "FIRST",
        "alignment": "LEFT",
        "x": 20,
        "y": 20
      },
      {
        "libId": "SECOND",
        "alignment": "RIGHT",
        "x": 40,
        "y": 20
      }
    ],
    "options": [
      {
        "id": "VARIABLE_NAME",
        "typeId": "TEXT",
        "name": {
          "RU": "Имя переменной"
        },
        "regex": "^[a-z][-a-z0-9_]*\\#[[\$]]#?#[[\$]]#",
        "minLength": 1,
        "maxLength": 50
      },
      {
        "id": "RESISTANCE",
        "typeId": "RESISTANCE",
        "name": {
          "RU": "Сопротивление, Ом"
        },
        "min": 0,
        "max": 3.402823466e38,
        "step": 0.01
      },
      {
        "id": "EMF_VALUE",
        "typeId": "VOLTAGE",
        "name": {
          "RU": "Значение ЭДС, В"
        },
        "min": 0,
        "max": 3.402823466e38,
        "step": 0.01
      },
      {
        "id": "MUTUALITY",
        "typeId": "MUTUALITY_SELECT",
        "name": {
          "RU": "Взаимность"
        },
        "optional": true
      }
    ]
  },
  {
    "id": "GROUNDING",
    "height": 20,
    "width": 20,
    "name": {
      "RU": "Земля"
    },
    "labelDirection": "left",
    "svg": "primitive/Grounding",
    "ports": [
      {
        "libId": "FIRST",
        "alignment": "TOP",
        "x": 20,
        "y": 20
      }
    ],
    "options": []
  },
  {
    "id": "IDEAL_TRANSFORMER",
    "height": 20,
    "width": 20,
    "name": {
      "RU": "Идеальный трансформатор"
    },
    "labelDirection": "left",
    "svg": "primitive/IdealTransformer",
    "ports": [
      {
        "libId": "FIRST",
        "alignment": "LEFT",
        "x": 20,
        "y": 40
      },
      {
        "libId": "SECOND",
        "alignment": "LEFT",
        "x": 20,
        "y": 20
      },
      {
        "libId": "THIRD",
        "alignment": "RIGHT",
        "x": 40,
        "y": 40
      },
      {
        "libId": "FOURTH",
        "alignment": "RIGHT",
        "x": 40,
        "y": 20
      }
    ],
    "options": [
      {
        "id": "VARIABLE_NAME",
        "typeId": "TEXT",
        "name": {
          "RU": "Имя переменной"
        },
        "regex": "^[a-z][-a-z0-9_]*\\#[[\$]]#?#[[\$]]#",
        "minLength": 1,
        "maxLength": 50
      },
      {
        "id": "INDUCTANCE_L1",
        "typeId": "INDUCTANCE",
        "name": {
          "RU": "Индуктивность (L1), Гн"
        },
        "min": 0,
        "max": 3.402823466e38,
        "step": 0.01
      },
      {
        "id": "INDUCTANCE_L2",
        "typeId": "INDUCTANCE",
        "name": {
          "RU": "Индуктивность (L2), Гн"
        },
        "min": 0,
        "max": 3.402823466e38,
        "step": 0.01
      },
      {
        "id": "COUPLING_COEFFICIENT",
        "typeId": "NUMERIC",
        "name": {
          "RU": "Коэффициент связи"
        },
        "min": -1,
        "max": 1,
        "step": 0.01
      },
      {
        "id": "MUTUAL_INDUCTANCE",
        "typeId": "INDUCTANCE",
        "name": {
          "RU": "Взаимная индуктивность (M), Гн"
        },
        "min": 0,
        "max": 3.402823466e38,
        "step": 0.01
      },
      {
        "id": "MUTUALITY",
        "typeId": "MUTUALITY_SELECT",
        "name": {
          "RU": "Взаимность"
        },
        "optional": true
      }
    ]
  },
  {
    "id": "INDUCTANCE_COIL",
    "height": 20,
    "width": 20,
    "name": {
      "RU": "Катушка индуктивности"
    },
    "labelDirection": "left",
    "svg": "primitive/InductanceCoil",
    "ports": [
      {
        "libId": "FIRST",
        "alignment": "LEFT",
        "x": 20,
        "y": 20
      },
      {
        "libId": "SECOND",
        "alignment": "RIGHT",
        "x": 40,
        "y": 20
      }
    ],
    "options": [
      {
        "id": "VARIABLE_NAME",
        "typeId": "TEXT",
        "name": {
          "RU": "Имя переменной"
        },
        "regex": "^[a-z][-a-z0-9_]*\\#[[\$]]#?#[[\$]]#",
        "minLength": 1,
        "maxLength": 50
      },
      {
        "id": "INDUCTANCE",
        "typeId": "INDUCTANCE",
        "name": {
          "RU": "Индуктивность, Гн"
        },
        "min": 0,
        "max": 3.402823466e38,
        "step": 0.01
      },
      {
        "id": "MUTUALITY",
        "typeId": "MUTUALITY_SELECT",
        "name": {
          "RU": "Взаимность"
        },
        "optional": true
      }
    ]
  },
  {
    "id": "CAPACITOR",
    "height": 20,
    "width": 20,
    "name": {
      "RU": "Конденсатор"
    },
    "labelDirection": "left",
    "svg": "primitive/Capacitor",
    "ports": [
      {
        "libId": "FIRST",
        "alignment": "LEFT",
        "x": 20,
        "y": 20
      },
      {
        "libId": "SECOND",
        "alignment": "RIGHT",
        "x": 40,
        "y": 20
      }
    ],
    "options": [
      {
        "id": "VARIABLE_NAME",
        "typeId": "TEXT",
        "name": {
          "RU": "Имя переменной"
        },
        "regex": "^[a-z][-a-z0-9_]*\\#[[\$]]#?#[[\$]]#",
        "minLength": 1,
        "maxLength": 50
      },
      {
        "id": "CAPACITANCE",
        "typeId": "CAPACITANCE",
        "name": {
          "RU": "Емкость, Ф"
        },
        "min": 0,
        "max": 3.402823466e38,
        "step": 0.01
      },
      {
        "id": "MUTUALITY",
        "typeId": "MUTUALITY_SELECT",
        "name": {
          "RU": "Взаимность"
        },
        "optional": true
      }
    ]
  },
  {
    "id": "RESISTOR",
    "height": 20,
    "width": 20,
    "name": {
      "RU": "Резистор"
    },
    "labelDirection": "left",
    "svg": "primitive/Resistor",
    "ports": [
      {
        "libId": "FIRST",
        "alignment": "LEFT",
        "x": 20,
        "y": 20
      },
      {
        "libId": "SECOND",
        "alignment": "RIGHT",
        "x": 40,
        "y": 20
      }
    ],
    "options": [
      {
        "id": "VARIABLE_NAME",
        "typeId": "TEXT",
        "name": {
          "RU": "Имя переменной"
        },
        "regex": "^[a-z][-a-z0-9_]*\\#[[\$]]#?#[[\$]]#",
        "minLength": 1,
        "maxLength": 50
      },
      {
        "id": "RESISTANCE",
        "typeId": "RESISTANCE",
        "name": {
          "RU": "Сопротивление, Ом"
        },
        "min": 0,
        "max": 3.402823466e38,
        "step": 0.01
      },
      {
        "id": "MUTUALITY",
        "typeId": "MUTUALITY_SELECT",
        "name": {
          "RU": "Взаимность"
        },
        "optional": true
      }
    ]
  },
  {
    "id": "PORT_3PH",
    "height": 20,
    "width": 20,
    "name": {
      "RU": "Порт трехфазный"
    },
    "labelDirection": "left",
    "svg": "primitive/ThreePhasePort",
    "ports": [
      {
        "libId": "FIRST",
        "alignment": "RIGHT",
        "x": 20,
        "y": 40
      },
      {
        "libId": "SECOND",
        "alignment": "RIGHT",
        "x": 20,
        "y": 30
      },
      {
        "libId": "THIRD",
        "alignment": "RIGHT",
        "x": 20,
        "y": 20
      }
    ],
    "options": [
      {
        "id": "VARIABLE_NAME",
        "typeId": "TEXT",
        "name": {
          "RU": "Имя переменной"
        },
        "regex": "^[a-z][-a-z0-9_]*\\#[[\$]]#?#[[\$]]#",
        "minLength": 1,
        "maxLength": 50
      }
    ]
  },
  {
    "id": "PORT_1PH",
    "height": 20,
    "width": 20,
    "name": {
      "RU": "Порт однофазный"
    },
    "labelDirection": "left",
    "svg": "primitive/OnePhasePort",
    "ports": [
      {
        "libId": "FIRST",
        "alignment": "RIGHT",
        "x": 20,
        "y": 20
      }
    ],
    "options": [
      {
        "id": "VARIABLE_NAME",
        "typeId": "TEXT",
        "name": {
          "RU": "Имя переменной"
        },
        "regex": "^[a-z][-a-z0-9_]*\\#[[\$]]#?#[[\$]]#",
        "minLength": 1,
        "maxLength": 50
      }
    ]
  },
  {
    "id": "CONNECTIVITY",
    "height": 20,
    "width": 20,
    "name": {
      "RU": "Соединительный узел"
    },
    "labelDirection": "left",
    "svg": "primitive/Connectivity",
    "ports": [
      {
        "libId": "FIRST",
        "alignment": "TOP",
        "x": 7.5,
        "y": 0
      },
      {
        "libId": "SECOND",
        "alignment": "LEFT",
        "x": -5,
        "y": 12
      },
      {
        "libId": "THIRD",
        "alignment": "BOTTOM",
        "x": 7.5,
        "y": 26.5
      }
    ],
    "options": []
  }
]