[
  {
    "id": "NUMERIC",
    "valueType": "NUMBER",
    "min": -1e10,
    "max": 1e10,
    "step": 0.01
  },
  {
    "id": "CURRENT",
    "valueType": "NUMBER",
    "min": 0,
    "max": 3.402823466e38,
    "step": 0.01
  },
  {
    "id": "VOLTAGE",
    "valueType": "NUMBER",
    "min": 0,
    "max": 3.402823466e38,
    "step": 0.01
  },
  {
    "id": "RESISTANCE",
    "valueType": "NUMBER",
    "min": 0,
    "max": 3.402823466e38,
    "step": 0.01
  },
  {
    "id": "CONDUCTIVITY",
    "valueType": "NUMBER",
    "min": 0,
    "max": 3.402823466e38,
    "step": 0.01
  },
  {
    "id": "INDUCTANCE",
    "valueType": "NUMBER",
    "min": 0,
    "max": 3.402823466e38,
    "step": 0.01
  },
  {
    "id": "CAPACITANCE",
    "valueType": "NUMBER",
    "min": 0,
    "max": 3.402823466e38,
    "step": 0.01
  },
  {
    "id": "TEXT",
    "valueType": "TEXT",
    "regex": "^[a-z][-a-z0-9_]*\\#[[\$]]#?#[[\$]]#",
    "minLength": 1,
    "maxLength": 50
  },
  {
    "id": "MUTUALITY_SELECT",
    "valueType": "MUTUALITY_SELECT"
  }
]