[
  {
    "id": "CURRENT_A",
    "name": "Ia",
    "dimension": "А"
  },
  {
    "id": "CURRENT_B",
    "name": "Ib",
    "dimension": "А"
  },
  {
    "id": "CURRENT_C",
    "name": "Ic",
    "dimension": "А"
  },
  {
    "id": "CURRENT_0",
    "name": "I0",
    "dimension": "А"
  },
  {
    "id": "VOLTAGE_AB",
    "name": "Uab",
    "dimension": "В"
  },
  {
    "id": "VOLTAGE_BC",
    "name": "Udc",
    "dimension": "В"
  },
  {
    "id": "VOLTAGE_CA",
    "name": "Uca",
    "dimension": "В"
  },
  {
    "id": "VOLTAGE_A",
    "name": "Ua",
    "dimension": "В"
  },
  {
    "id": "VOLTAGE_B",
    "name": "Ub",
    "dimension": "В"
  },
  {
    "id": "VOLTAGE_C",
    "name": "Uc",
    "dimension": "В"
  },
  {
    "id": "VOLTAGE_0",
    "name": "U0",
    "dimension": "В"
  },
  {
    "id": "ACTIVE_POWER_PHASE",
    "name": "Pph",
    "dimension": "Вт"
  },
  {
    "id": "REACTIVE_POWER_PHASE",
    "name": "Qph",
    "dimension": "вар"
  },
  {
    "id": "APPARENT_POWER_PHASE",
    "name": "Sph",
    "dimension": "ВА"
  },
  {
    "id": "ACTIVE_POWER",
    "name": "P",
    "dimension": "Вт"
  },
  {
    "id": "REACTIVE_POWER",
    "name": "Q",
    "dimension": "вар"
  },
  {
    "id": "APPARENT_POWER",
    "name": "S",
    "dimension": "ВА"
  }
]